-- phpMyAdmin SQL Dump
-- version 3.5.1
-- http://www.phpmyadmin.net
--
-- Servidor: localhost
-- Tempo de Geração: 
-- Versão do Servidor: 5.5.24-log
-- Versão do PHP: 5.4.3

SET SQL_MODE="NO_AUTO_VALUE_ON_ZERO";
SET time_zone = "+00:00";


/*!40101 SET @OLD_CHARACTER_SET_CLIENT=@@CHARACTER_SET_CLIENT */;
/*!40101 SET @OLD_CHARACTER_SET_RESULTS=@@CHARACTER_SET_RESULTS */;
/*!40101 SET @OLD_COLLATION_CONNECTION=@@COLLATION_CONNECTION */;
/*!40101 SET NAMES utf8 */;

--
-- Banco de Dados: `_star`
--
CREATE DATABASE `_star` DEFAULT CHARACTER SET latin1 COLLATE latin1_swedish_ci;
USE `_star`;

-- --------------------------------------------------------

--
-- Estrutura da tabela `tbcorretor`
--

CREATE TABLE IF NOT EXISTS `tbcorretor` (
  `id` int(11) NOT NULL AUTO_INCREMENT,
  `c_nome` varchar(200) NOT NULL,
  `c_guerra` varchar(60) NOT NULL,
  `c_email` varchar(255) NOT NULL,
  `c_creci` varchar(20) NOT NULL,
  `c_ativo` tinyint(1) NOT NULL DEFAULT '1',
  `c_datacad` timestamp NOT NULL DEFAULT CURRENT_TIMESTAMP,
  PRIMARY KEY (`id`)
) ENGINE=InnoDB  DEFAULT CHARSET=latin1 AUTO_INCREMENT=16 ;

--
-- Extraindo dados da tabela `tbcorretor`
--

INSERT INTO `tbcorretor` (`id`, `c_nome`, `c_guerra`, `c_email`, `c_creci`, `c_ativo`, `c_datacad`) VALUES
(1, 'Daniela Borsari', 'Dani', 'dani@site.com', '99.999-9F', 1, '2013-05-28 13:43:01'),
(2, 'Henrique', 'Henrique', 'henrique@site.com', '99.999-9F', 1, '2013-05-28 13:44:32'),
(3, 'Analdo', 'Analdo', 'Analdo@site.com', '99.999-9F', 1, '2013-05-28 13:44:32'),
(4, 'Alex', 'alex', 'alex@site.com', '99.999-9F', 1, '2013-05-28 13:45:44'),
(5, 'Jupiter', 'jupiter', 'jupiter@site.com', '99.999-9F', 1, '2013-05-28 13:45:44'),
(6, 'Lucimara', 'lucimara', 'lucimara@site.com', '99.999-9F', 1, '2013-05-28 13:46:51'),
(7, 'Mara', 'mara', 'mara@site.com', '99.999-9F', 1, '2013-05-28 13:46:51'),
(8, 'Carlos Nobel', 'Nobel', 'cnobel@site.com', '99.999-9F', 1, '2013-06-10 14:56:49'),
(9, 'Sara', 'sara', 'sara@site.com', '99.999-9F', 1, '2013-06-10 14:56:49'),
(10, 'Machado', 'machado', 'machado@site.com', '99.999-9F', 1, '2013-06-10 14:57:44'),
(11, 'Junior', 'junior', 'junior@site.com', '99.999-9F', 1, '2013-06-10 14:57:44'),
(12, 'Thiago', 'thiago', 'thiago@site.com', '99.999-9F', 1, '2013-06-10 14:58:36'),
(13, 'marcelo', 'marcelo', 'marcelo@site.com', '99.999-9F', 1, '2013-06-10 14:58:36'),
(14, 'Jorge', 'jorge', 'jorge@site.com', '99.999-9F', 1, '2013-06-10 14:59:37'),
(15, 'Magrão', 'magrao', 'magrao@site.com', '99.999-9F', 1, '2013-06-10 14:59:37');

-- --------------------------------------------------------

--
-- Estrutura da tabela `tbempreendimento`
--

CREATE TABLE IF NOT EXISTS `tbempreendimento` (
  `id` int(11) NOT NULL AUTO_INCREMENT,
  `razao` varchar(255) NOT NULL,
  `fantasia` varchar(100) NOT NULL,
  `localizacao` varchar(255) NOT NULL,
  `comissao_geral` decimal(6,4) NOT NULL DEFAULT '4.9999',
  `datacad` timestamp NOT NULL DEFAULT CURRENT_TIMESTAMP,
  `ativo` tinyint(4) NOT NULL DEFAULT '1',
  PRIMARY KEY (`id`)
) ENGINE=InnoDB  DEFAULT CHARSET=latin1 AUTO_INCREMENT=4 ;

--
-- Extraindo dados da tabela `tbempreendimento`
--

INSERT INTO `tbempreendimento` (`id`, `razao`, `fantasia`, `localizacao`, `comissao_geral`, `datacad`, `ativo`) VALUES
(1, 'Residencial Jardim Itália II', 'Jd.Itália - Botucatu', 'Rua Desconhecida, 555 - Jd. Não faço ideia - Botucatu - SP - CEP 99999-999', '4.9999', '2013-05-28 13:40:29', 1),
(2, 'Residencial São João II', 'S.João II - Pardinho', 'Rua Desconhecida, 444 - Jd. Não faço ideia - Pardinho - SP - CEP 99999-999', '4.9999', '2013-05-28 13:40:29', 1),
(3, 'Residencial Nova Passos', 'Nova Passos - MG', 'Não tenho ideia', '4.9999', '2013-06-10 14:54:43', 1);

-- --------------------------------------------------------

--
-- Estrutura da tabela `tbempreendimento_has_tbcorretor`
--

CREATE TABLE IF NOT EXISTS `tbempreendimento_has_tbcorretor` (
  `tbempreendimento_id` int(11) NOT NULL,
  `tbcorretor_id` int(11) NOT NULL,
  `c_comissao` decimal(6,4) DEFAULT NULL,
  PRIMARY KEY (`tbempreendimento_id`,`tbcorretor_id`),
  KEY `fk_tbempreendimento_has_tbcorretor_tbcorretor1_idx` (`tbcorretor_id`),
  KEY `fk_tbempreendimento_has_tbcorretor_tbempreendimento_idx` (`tbempreendimento_id`)
) ENGINE=InnoDB DEFAULT CHARSET=latin1;

--
-- Extraindo dados da tabela `tbempreendimento_has_tbcorretor`
--

INSERT INTO `tbempreendimento_has_tbcorretor` (`tbempreendimento_id`, `tbcorretor_id`, `c_comissao`) VALUES
(1, 8, '2.0000'),
(2, 8, '2.0000'),
(2, 9, '2.0000'),
(2, 10, '2.0000'),
(2, 11, '2.0000'),
(2, 12, '2.0000'),
(2, 13, '2.0000'),
(2, 14, '2.0000'),
(2, 15, '2.0000'),
(3, 1, '1.5000'),
(3, 2, '1.5000'),
(3, 3, '1.5000'),
(3, 4, '1.5000'),
(3, 5, '1.5000'),
(3, 6, '1.5000'),
(3, 7, '1.5000');

-- --------------------------------------------------------

--
-- Estrutura da tabela `tbparceiro`
--

CREATE TABLE IF NOT EXISTS `tbparceiro` (
  `id` int(11) NOT NULL AUTO_INCREMENT,
  `p_nome` varchar(200) NOT NULL,
  `p_guerra` varchar(50) NOT NULL,
  `p_email` varchar(255) NOT NULL,
  `ativo` tinyint(1) NOT NULL DEFAULT '1',
  `p_datacad` timestamp NOT NULL DEFAULT CURRENT_TIMESTAMP,
  PRIMARY KEY (`id`)
) ENGINE=InnoDB DEFAULT CHARSET=latin1 AUTO_INCREMENT=1 ;

-- --------------------------------------------------------

--
-- Estrutura da tabela `tbparceiro_has_tbempreendimento`
--

CREATE TABLE IF NOT EXISTS `tbparceiro_has_tbempreendimento` (
  `tbparceiro_id` int(11) NOT NULL,
  `tbempreendimento_id` int(11) NOT NULL,
  `p_comissao` decimal(6,4) DEFAULT NULL,
  PRIMARY KEY (`tbparceiro_id`,`tbempreendimento_id`),
  KEY `fk_tbparceiro_has_tbempreendimento_tbempreendimento1_idx` (`tbempreendimento_id`),
  KEY `fk_tbparceiro_has_tbempreendimento_tbparceiro1_idx` (`tbparceiro_id`)
) ENGINE=InnoDB DEFAULT CHARSET=latin1;

-- --------------------------------------------------------

--
-- Estrutura da tabela `tbquadralote`
--

CREATE TABLE IF NOT EXISTS `tbquadralote` (
  `id` int(11) NOT NULL AUTO_INCREMENT,
  `quadra` varchar(5) NOT NULL,
  `lote` varchar(3) NOT NULL,
  `mquadrado` decimal(8,3) NOT NULL,
  `vlmquadrado` decimal(5,2) NOT NULL,
  `dtcadastro` timestamp NOT NULL DEFAULT CURRENT_TIMESTAMP ON UPDATE CURRENT_TIMESTAMP,
  `tbempreendimento_id` int(11) NOT NULL,
  `tbsituacaolote_id` int(11) NOT NULL,
  PRIMARY KEY (`id`,`tbempreendimento_id`,`tbsituacaolote_id`),
  KEY `fk_tbquadralote_tbempreendimento1_idx` (`tbempreendimento_id`),
  KEY `fk_tbquadralote_tbsituacaolote1_idx` (`tbsituacaolote_id`)
) ENGINE=InnoDB  DEFAULT CHARSET=latin1 AUTO_INCREMENT=706 ;

--
-- Extraindo dados da tabela `tbquadralote`
--

INSERT INTO `tbquadralote` (`id`, `quadra`, `lote`, `mquadrado`, `vlmquadrado`, `dtcadastro`, `tbempreendimento_id`, `tbsituacaolote_id`) VALUES
(1, 'A', '01', '360.000', '180.00', '2013-06-11 14:33:17', 3, 3),
(2, 'A', '02', '372.620', '198.00', '2013-06-11 14:33:17', 3, 3),
(3, 'A', '03', '300.000', '165.00', '2013-06-11 14:33:17', 3, 3),
(4, 'A', '04', '307.620', '181.50', '2013-06-11 14:33:17', 3, 3),
(5, 'B', '01', '307.620', '181.50', '2013-06-11 14:33:17', 3, 3),
(6, 'B', '02', '250.000', '165.00', '2013-06-11 14:33:17', 3, 3),
(7, 'B', '03', '250.000', '165.00', '2013-06-11 14:33:17', 3, 3),
(8, 'B', '04', '250.000', '165.00', '2013-06-11 14:33:17', 3, 3),
(9, 'B', '05', '250.000', '165.00', '2013-06-11 14:33:17', 3, 3),
(10, 'B', '06', '250.000', '165.00', '2013-06-11 14:33:17', 3, 3),
(11, 'B', '07', '250.000', '165.00', '2013-06-11 14:33:17', 3, 3),
(12, 'B', '08', '250.000', '165.00', '2013-06-11 14:33:17', 3, 3),
(13, 'B', '09', '250.000', '165.00', '2013-06-11 14:33:17', 3, 3),
(14, 'B', '10', '250.000', '165.00', '2013-06-11 14:33:17', 3, 3),
(15, 'B', '11', '250.000', '165.00', '2013-06-11 14:33:17', 3, 3),
(16, 'B', '12', '250.000', '165.00', '2013-06-11 14:33:17', 3, 3),
(17, 'B', '13', '250.000', '165.00', '2013-06-11 14:33:18', 3, 3),
(18, 'B', '14', '250.000', '165.00', '2013-06-11 14:33:18', 3, 3),
(19, 'B', '15', '250.000', '165.00', '2013-06-11 14:33:18', 3, 3),
(20, 'B', '16', '250.000', '165.00', '2013-06-11 14:33:18', 3, 3),
(21, 'B', '17', '250.000', '165.00', '2013-06-11 14:33:18', 3, 3),
(22, 'B', '18', '250.000', '165.00', '2013-06-11 14:33:18', 3, 3),
(23, 'B', '19', '250.000', '165.00', '2013-06-11 14:33:18', 3, 3),
(24, 'B', '20', '250.000', '165.00', '2013-06-11 14:33:18', 3, 3),
(25, 'B', '21', '250.000', '165.00', '2013-06-11 14:33:18', 3, 3),
(26, 'B', '22', '346.420', '181.50', '2013-06-11 14:33:18', 3, 3),
(27, 'C', '01', '326.640', '165.00', '2013-06-11 14:33:18', 3, 3),
(28, 'C', '02', '285.600', '181.50', '2013-06-11 14:33:18', 3, 3),
(29, 'C', '03', '332.460', '173.00', '2013-06-11 14:33:18', 3, 3),
(30, 'C', '04', '398.500', '190.30', '2013-06-11 14:33:18', 3, 3),
(31, 'D', '01', '400.040', '173.00', '2013-06-11 14:33:18', 3, 3),
(32, 'D', '02', '275.850', '150.00', '2013-06-11 14:33:18', 3, 3),
(33, 'D', '03', '322.020', '173.00', '2013-06-11 14:33:18', 3, 3),
(34, 'D', '04', '255.730', '150.00', '2013-06-11 14:33:18', 3, 3),
(35, 'D', '05', '322.020', '173.00', '2013-06-11 14:33:18', 3, 3),
(36, 'D', '06', '255.730', '150.00', '2013-06-11 14:33:18', 3, 3),
(37, 'D', '07', '322.020', '173.00', '2013-06-11 14:33:18', 3, 3),
(38, 'D', '08', '255.730', '150.00', '2013-06-11 14:33:18', 3, 3),
(39, 'D', '09', '322.020', '173.00', '2013-06-11 14:33:18', 3, 3),
(40, 'D', '10', '255.730', '150.00', '2013-06-11 14:33:18', 3, 3),
(41, 'D', '11', '322.020', '173.00', '2013-06-11 14:33:18', 3, 3),
(42, 'D', '12', '255.730', '150.00', '2013-06-11 14:33:18', 3, 3),
(43, 'D', '13', '322.020', '173.00', '2013-06-11 14:33:19', 3, 3),
(44, 'D', '14', '255.730', '150.00', '2013-06-11 14:33:19', 3, 3),
(45, 'D', '15', '322.020', '173.00', '2013-06-11 14:33:19', 3, 3),
(46, 'D', '16', '255.730', '150.00', '2013-06-11 14:33:19', 3, 3),
(47, 'D', '17', '322.020', '173.00', '2013-06-11 14:33:19', 3, 3),
(48, 'D', '18', '255.730', '150.00', '2013-06-11 14:33:19', 3, 3),
(49, 'D', '19', '322.020', '173.00', '2013-06-11 14:33:19', 3, 3),
(50, 'D', '20', '255.730', '150.00', '2013-06-11 14:33:19', 3, 3),
(51, 'D', '21', '369.620', '190.30', '2013-06-11 14:33:19', 3, 3),
(52, 'D', '22', '284.440', '165.00', '2013-06-11 14:33:19', 3, 3),
(53, 'E', '01', '277.840', '150.00', '2013-06-11 14:33:19', 3, 3),
(54, 'E', '02', '256.150', '150.00', '2013-06-11 14:33:19', 3, 3),
(55, 'E', '03', '256.150', '150.00', '2013-06-11 14:33:19', 3, 3),
(56, 'E', '04', '256.150', '150.00', '2013-06-11 14:33:19', 3, 3),
(57, 'E', '05', '256.150', '150.00', '2013-06-11 14:33:19', 3, 3),
(58, 'E', '06', '256.150', '150.00', '2013-06-11 14:33:19', 3, 3),
(59, 'E', '07', '256.150', '150.00', '2013-06-11 14:33:19', 3, 3),
(60, 'E', '08', '256.150', '150.00', '2013-06-11 14:33:19', 3, 3),
(61, 'E', '09', '256.150', '150.00', '2013-06-11 14:33:19', 3, 3),
(62, 'E', '10', '272.740', '165.00', '2013-06-11 14:33:19', 3, 3),
(63, 'E', '11', '394.960', '165.00', '2013-06-11 14:33:19', 3, 3),
(64, 'F', '01', '329.960', '198.00', '2013-06-11 14:33:19', 3, 3),
(65, 'F', '02', '329.960', '181.50', '2013-06-11 14:33:19', 3, 3),
(66, 'F', '03', '275.000', '180.00', '2013-06-11 14:33:19', 3, 3),
(67, 'F', '04', '275.000', '165.00', '2013-06-11 14:33:19', 3, 3),
(68, 'F', '05', '275.000', '180.00', '2013-06-11 14:33:19', 3, 3),
(69, 'F', '06', '275.000', '165.00', '2013-06-11 14:33:20', 3, 3),
(70, 'F', '07', '360.290', '180.00', '2013-06-11 14:33:20', 3, 3),
(71, 'F', '08', '303.430', '165.00', '2013-06-11 14:33:20', 3, 3),
(72, 'F', '09', '330.910', '180.00', '2013-06-11 14:33:20', 3, 3),
(73, 'F', '10', '308.450', '165.00', '2013-06-11 14:33:20', 3, 3),
(74, 'F', '11', '275.000', '180.00', '2013-06-11 14:33:20', 3, 3),
(75, 'F', '12', '275.000', '165.00', '2013-06-11 14:33:20', 3, 3),
(76, 'F', '13', '275.000', '180.00', '2013-06-11 14:33:20', 3, 3),
(77, 'F', '14', '275.000', '165.00', '2013-06-11 14:33:20', 3, 3),
(78, 'F', '15', '275.000', '180.00', '2013-06-11 14:33:20', 3, 3),
(79, 'F', '16', '275.000', '165.00', '2013-06-11 14:33:20', 3, 3),
(80, 'F', '17', '275.000', '180.00', '2013-06-11 14:33:20', 3, 3),
(81, 'F', '18', '275.000', '165.00', '2013-06-11 14:33:20', 3, 3),
(82, 'F', '19', '275.000', '180.00', '2013-06-11 14:33:20', 3, 3),
(83, 'F', '20', '275.000', '165.00', '2013-06-11 14:33:20', 3, 3),
(84, 'F', '21', '275.000', '180.00', '2013-06-11 14:33:20', 3, 3),
(85, 'F', '22', '275.000', '165.00', '2013-06-11 14:33:20', 3, 3),
(86, 'F', '23', '275.000', '180.00', '2013-06-11 14:33:20', 3, 3),
(87, 'F', '24', '275.000', '165.00', '2013-06-11 14:33:20', 3, 3),
(88, 'F', '25', '275.000', '180.00', '2013-06-11 14:33:20', 3, 3),
(89, 'F', '26', '275.000', '165.00', '2013-06-11 14:33:20', 3, 3),
(90, 'F', '27', '275.000', '180.00', '2013-06-11 14:33:20', 3, 3),
(91, 'F', '28', '275.000', '165.00', '2013-06-11 14:33:20', 3, 3),
(92, 'F', '29', '275.000', '180.00', '2013-06-11 14:33:20', 3, 3),
(93, 'F', '30', '275.000', '165.00', '2013-06-11 14:33:21', 3, 3),
(94, 'F', '31', '275.000', '180.00', '2013-06-11 14:33:21', 3, 3),
(95, 'F', '32', '275.000', '165.00', '2013-06-11 14:33:21', 3, 3),
(96, 'F', '33', '323.620', '198.00', '2013-06-11 14:33:21', 3, 3),
(97, 'F', '34', '323.620', '181.50', '2013-06-11 14:33:21', 3, 3),
(98, 'G', '01', '237.670', '165.00', '2013-06-11 14:33:21', 3, 3),
(99, 'G', '02', '245.970', '165.00', '2013-06-11 14:33:21', 3, 3),
(100, 'G', '03', '250.000', '165.00', '2013-06-11 14:33:21', 3, 3),
(101, 'G', '04', '250.000', '165.00', '2013-06-11 14:33:21', 3, 3),
(102, 'G', '05', '250.000', '165.00', '2013-06-11 14:33:21', 3, 3),
(103, 'G', '06', '250.000', '165.00', '2013-06-11 14:33:21', 3, 3),
(104, 'G', '07', '250.000', '165.00', '2013-06-11 14:33:21', 3, 3),
(105, 'G', '08', '250.000', '165.00', '2013-06-11 14:33:21', 3, 3),
(106, 'G', '09', '250.000', '165.00', '2013-06-11 14:33:21', 3, 3),
(107, 'G', '10', '246.370', '165.00', '2013-06-11 14:33:21', 3, 3),
(108, 'G', '11', '239.950', '165.00', '2013-06-11 14:33:21', 3, 3),
(109, 'G', '12', '268.500', '165.00', '2013-06-11 14:33:21', 3, 3),
(110, 'G', '13', '250.000', '165.00', '2013-06-11 14:33:21', 3, 3),
(111, 'G', '14', '250.000', '165.00', '2013-06-11 14:33:21', 3, 3),
(112, 'G', '15', '250.000', '165.00', '2013-06-11 14:33:21', 3, 3),
(113, 'G', '16', '250.000', '165.00', '2013-06-11 14:33:21', 3, 3),
(114, 'G', '17', '250.000', '165.00', '2013-06-11 14:33:21', 3, 3),
(115, 'G', '18', '250.000', '165.00', '2013-06-11 14:33:21', 3, 3),
(116, 'G', '19', '250.000', '165.00', '2013-06-11 14:33:21', 3, 3),
(117, 'G', '20', '250.000', '165.00', '2013-06-11 14:33:22', 3, 3),
(118, 'G', '21', '250.000', '165.00', '2013-06-11 14:33:22', 3, 3),
(119, 'G', '22', '250.000', '165.00', '2013-06-11 14:33:22', 3, 3),
(120, 'G', '23', '250.000', '165.00', '2013-06-11 14:33:22', 3, 3),
(121, 'G', '24', '268.500', '165.00', '2013-06-11 14:33:22', 3, 3),
(122, 'H', '01', '257.680', '181.50', '2013-06-11 14:33:22', 3, 3),
(123, 'H', '02', '286.250', '165.00', '2013-06-11 14:33:22', 3, 3),
(124, 'H', '03', '250.000', '165.00', '2013-06-11 14:33:22', 3, 3),
(125, 'H', '04', '250.000', '165.00', '2013-06-11 14:33:22', 3, 3),
(126, 'H', '05', '250.000', '165.00', '2013-06-11 14:33:22', 3, 3),
(127, 'H', '06', '250.000', '165.00', '2013-06-11 14:33:22', 3, 3),
(128, 'H', '07', '250.000', '165.00', '2013-06-11 14:33:22', 3, 3),
(129, 'H', '08', '250.000', '165.00', '2013-06-11 14:33:22', 3, 3),
(130, 'H', '09', '250.000', '165.00', '2013-06-11 14:33:22', 3, 3),
(131, 'H', '10', '250.000', '165.00', '2013-06-11 14:33:22', 3, 3),
(132, 'H', '11', '250.000', '165.00', '2013-06-11 14:33:22', 3, 3),
(133, 'H', '12', '250.000', '165.00', '2013-06-11 14:33:22', 3, 3),
(134, 'H', '13', '250.000', '165.00', '2013-06-11 14:33:22', 3, 3),
(135, 'H', '14', '250.000', '165.00', '2013-06-11 14:33:22', 3, 3),
(136, 'H', '15', '250.000', '165.00', '2013-06-11 14:33:22', 3, 3),
(137, 'H', '16', '250.000', '165.00', '2013-06-11 14:33:22', 3, 3),
(138, 'H', '17', '250.000', '165.00', '2013-06-11 14:33:22', 3, 3),
(139, 'H', '18', '250.000', '165.00', '2013-06-11 14:33:22', 3, 3),
(140, 'H', '19', '250.000', '165.00', '2013-06-11 14:33:22', 3, 3),
(141, 'H', '20', '250.000', '165.00', '2013-06-11 14:33:22', 3, 3),
(142, 'H', '21', '296.120', '181.50', '2013-06-11 14:33:23', 3, 3),
(143, 'H', '22', '276.250', '165.00', '2013-06-11 14:33:23', 3, 3),
(144, 'H', '23', '276.250', '165.00', '2013-06-11 14:33:23', 3, 3),
(145, 'H', '24', '276.250', '165.00', '2013-06-11 14:33:23', 3, 3),
(146, 'H', '25', '250.000', '165.00', '2013-06-11 14:33:23', 3, 3),
(147, 'H', '26', '250.000', '165.00', '2013-06-11 14:33:23', 3, 3),
(148, 'H', '27', '250.000', '165.00', '2013-06-11 14:33:23', 3, 3),
(149, 'H', '28', '250.000', '165.00', '2013-06-11 14:33:23', 3, 3),
(150, 'H', '29', '250.000', '165.00', '2013-06-11 14:33:23', 3, 3),
(151, 'H', '30', '250.000', '165.00', '2013-06-11 14:33:23', 3, 3),
(152, 'H', '31', '250.000', '165.00', '2013-06-11 14:33:23', 3, 3),
(153, 'H', '32', '250.000', '165.00', '2013-06-11 14:33:23', 3, 3),
(154, 'H', '33', '250.000', '165.00', '2013-06-11 14:33:23', 3, 3),
(155, 'H', '34', '250.000', '165.00', '2013-06-11 14:33:23', 3, 3),
(156, 'H', '35', '250.000', '165.00', '2013-06-11 14:33:23', 3, 3),
(157, 'H', '36', '250.000', '165.00', '2013-06-11 14:33:23', 3, 3),
(158, 'H', '37', '250.000', '165.00', '2013-06-11 14:33:23', 3, 3),
(159, 'H', '38', '250.000', '165.00', '2013-06-11 14:33:23', 3, 3),
(160, 'H', '39', '250.000', '165.00', '2013-06-11 14:33:23', 3, 3),
(161, 'H', '40', '250.000', '165.00', '2013-06-11 14:33:23', 3, 3),
(162, 'H', '41', '250.000', '165.00', '2013-06-11 14:33:23', 3, 3),
(163, 'H', '42', '270.480', '165.00', '2013-06-11 14:33:23', 3, 3),
(164, 'H', '43', '275.640', '181.50', '2013-06-11 14:33:23', 3, 3),
(165, 'I', '01', '285.120', '198.00', '2013-06-11 14:33:23', 3, 3),
(166, 'I', '02', '285.120', '181.50', '2013-06-11 14:33:23', 3, 3),
(167, 'I', '03', '275.000', '180.00', '2013-06-11 14:33:24', 3, 3),
(168, 'I', '04', '275.000', '165.00', '2013-06-11 14:33:24', 3, 3),
(169, 'I', '05', '275.000', '180.00', '2013-06-11 14:33:24', 3, 3),
(170, 'I', '06', '275.000', '165.00', '2013-06-11 14:33:24', 3, 3),
(171, 'I', '07', '275.000', '180.00', '2013-06-11 14:33:24', 3, 3),
(172, 'I', '08', '275.000', '165.00', '2013-06-11 14:33:24', 3, 3),
(173, 'I', '09', '275.000', '180.00', '2013-06-11 14:33:24', 3, 3),
(174, 'I', '10', '275.000', '165.00', '2013-06-11 14:33:24', 3, 3),
(175, 'I', '11', '275.000', '180.00', '2013-06-11 14:33:24', 3, 3),
(176, 'I', '12', '275.000', '165.00', '2013-06-11 14:33:24', 3, 3),
(177, 'I', '13', '275.000', '180.00', '2013-06-11 14:33:24', 3, 3),
(178, 'I', '14', '275.000', '165.00', '2013-06-11 14:33:24', 3, 3),
(179, 'I', '15', '275.000', '180.00', '2013-06-11 14:33:24', 3, 3),
(180, 'I', '16', '275.000', '165.00', '2013-06-11 14:33:24', 3, 3),
(181, 'I', '17', '275.000', '180.00', '2013-06-11 14:33:24', 3, 3),
(182, 'I', '18', '275.000', '165.00', '2013-06-11 14:33:24', 3, 3),
(183, 'I', '19', '275.000', '180.00', '2013-06-11 14:33:24', 3, 3),
(184, 'I', '20', '275.000', '165.00', '2013-06-11 14:33:24', 3, 3),
(185, 'I', '21', '275.000', '180.00', '2013-06-11 14:33:24', 3, 3),
(186, 'I', '22', '275.000', '165.00', '2013-06-11 14:33:24', 3, 3),
(187, 'I', '23', '275.000', '180.00', '2013-06-11 14:33:24', 3, 3),
(188, 'I', '24', '275.000', '165.00', '2013-06-11 14:33:24', 3, 3),
(189, 'I', '25', '275.000', '180.00', '2013-06-11 14:33:24', 3, 3),
(190, 'I', '26', '275.000', '165.00', '2013-06-11 14:33:24', 3, 3),
(191, 'I', '27', '275.000', '180.00', '2013-06-11 14:33:24', 3, 3),
(192, 'I', '28', '275.000', '165.00', '2013-06-11 14:33:24', 3, 3),
(193, 'I', '29', '275.000', '180.00', '2013-06-11 14:33:25', 3, 3),
(194, 'I', '30', '275.000', '165.00', '2013-06-11 14:33:25', 3, 3),
(195, 'I', '31', '275.000', '180.00', '2013-06-11 14:33:25', 3, 3),
(196, 'I', '32', '275.000', '165.00', '2013-06-11 14:33:25', 3, 3),
(197, 'I', '33', '275.000', '180.00', '2013-06-11 14:33:25', 3, 3),
(198, 'I', '34', '275.000', '165.00', '2013-06-11 14:33:25', 3, 3),
(199, 'I', '35', '275.000', '180.00', '2013-06-11 14:33:25', 3, 3),
(200, 'I', '36', '275.000', '165.00', '2013-06-11 14:33:25', 3, 3),
(201, 'I', '37', '275.000', '180.00', '2013-06-11 14:33:25', 3, 3),
(202, 'I', '38', '275.000', '165.00', '2013-06-11 14:33:25', 3, 3),
(203, 'I', '39', '275.000', '180.00', '2013-06-11 14:33:25', 3, 3),
(204, 'I', '40', '275.000', '165.00', '2013-06-11 14:33:25', 3, 3),
(205, 'I', '41', '275.000', '180.00', '2013-06-11 14:33:25', 3, 3),
(206, 'I', '42', '275.000', '165.00', '2013-06-11 14:33:25', 3, 3),
(207, 'I', '43', '275.000', '180.00', '2013-06-11 14:33:25', 3, 3),
(208, 'I', '44', '275.000', '165.00', '2013-06-11 14:33:25', 3, 3),
(209, 'I', '45', '275.000', '180.00', '2013-06-11 14:33:25', 3, 3),
(210, 'I', '46', '275.000', '165.00', '2013-06-11 14:33:25', 3, 3),
(211, 'I', '47', '294.030', '198.00', '2013-06-11 14:33:25', 3, 3),
(212, 'I', '48', '328.360', '181.50', '2013-06-11 14:33:25', 3, 3),
(213, 'J', '01', '257.680', '181.50', '2013-06-11 14:33:25', 3, 3),
(214, 'J', '02', '286.250', '165.00', '2013-06-11 14:33:25', 3, 3),
(215, 'J', '03', '250.000', '165.00', '2013-06-11 14:33:25', 3, 3),
(216, 'J', '04', '250.000', '165.00', '2013-06-11 14:33:26', 3, 3),
(217, 'J', '05', '250.000', '165.00', '2013-06-11 14:33:26', 3, 3),
(218, 'J', '06', '250.000', '165.00', '2013-06-11 14:33:26', 3, 3),
(219, 'J', '07', '250.000', '165.00', '2013-06-11 14:33:26', 3, 3),
(220, 'J', '08', '250.000', '165.00', '2013-06-11 14:33:26', 3, 3),
(221, 'J', '09', '250.000', '165.00', '2013-06-11 14:33:26', 3, 3),
(222, 'J', '10', '250.000', '165.00', '2013-06-11 14:33:26', 3, 3),
(223, 'J', '11', '250.000', '165.00', '2013-06-11 14:33:26', 3, 3),
(224, 'J', '12', '250.000', '165.00', '2013-06-11 14:33:26', 3, 3),
(225, 'J', '13', '250.000', '165.00', '2013-06-11 14:33:26', 3, 3),
(226, 'J', '14', '250.000', '165.00', '2013-06-11 14:33:26', 3, 3),
(227, 'J', '15', '250.000', '165.00', '2013-06-11 14:33:26', 3, 3),
(228, 'J', '16', '250.000', '165.00', '2013-06-11 14:33:26', 3, 3),
(229, 'J', '17', '250.000', '165.00', '2013-06-11 14:33:26', 3, 3),
(230, 'J', '18', '250.000', '165.00', '2013-06-11 14:33:26', 3, 3),
(231, 'J', '19', '250.000', '165.00', '2013-06-11 14:33:26', 3, 3),
(232, 'J', '20', '250.000', '165.00', '2013-06-11 14:33:26', 3, 3),
(233, 'J', '21', '250.000', '165.00', '2013-06-11 14:33:26', 3, 3),
(234, 'J', '22', '250.000', '165.00', '2013-06-11 14:33:26', 3, 3),
(235, 'J', '23', '250.000', '165.00', '2013-06-11 14:33:26', 3, 3),
(236, 'J', '24', '250.000', '165.00', '2013-06-11 14:33:26', 3, 3),
(237, 'J', '25', '268.870', '181.50', '2013-06-11 14:33:26', 3, 3),
(238, 'J', '26', '286.300', '165.00', '2013-06-11 14:33:26', 3, 3),
(239, 'J', '27', '286.300', '165.00', '2013-06-11 14:33:27', 3, 3),
(240, 'J', '28', '286.300', '165.00', '2013-06-11 14:33:27', 3, 3),
(241, 'J', '29', '268.870', '181.50', '2013-06-11 14:33:27', 3, 3),
(242, 'J', '30', '276.250', '165.00', '2013-06-11 14:33:27', 3, 3),
(243, 'J', '31', '276.250', '165.00', '2013-06-11 14:33:27', 3, 3),
(244, 'J', '32', '276.250', '165.00', '2013-06-11 14:33:27', 3, 3),
(245, 'J', '33', '250.000', '165.00', '2013-06-11 14:33:27', 3, 3),
(246, 'J', '34', '250.000', '165.00', '2013-06-11 14:33:27', 3, 3),
(247, 'J', '35', '250.000', '165.00', '2013-06-11 14:33:27', 3, 3),
(248, 'J', '36', '250.000', '165.00', '2013-06-11 14:33:27', 3, 3),
(249, 'J', '37', '250.000', '165.00', '2013-06-11 14:33:27', 3, 3),
(250, 'J', '38', '250.000', '165.00', '2013-06-11 14:33:27', 3, 3),
(251, 'J', '39', '250.000', '165.00', '2013-06-11 14:33:27', 3, 3),
(252, 'J', '40', '250.000', '165.00', '2013-06-11 14:33:27', 3, 3),
(253, 'J', '41', '250.000', '165.00', '2013-06-11 14:33:27', 3, 3),
(254, 'J', '42', '250.000', '165.00', '2013-06-11 14:33:27', 3, 3),
(255, 'J', '43', '250.000', '165.00', '2013-06-11 14:33:27', 3, 3),
(256, 'J', '44', '250.000', '165.00', '2013-06-11 14:33:28', 3, 3),
(257, 'J', '45', '250.000', '165.00', '2013-06-11 14:33:28', 3, 3),
(258, 'J', '46', '250.000', '165.00', '2013-06-11 14:33:28', 3, 3),
(259, 'J', '47', '250.000', '165.00', '2013-06-11 14:33:28', 3, 3),
(260, 'J', '48', '250.000', '165.00', '2013-06-11 14:33:28', 3, 3),
(261, 'J', '49', '250.000', '165.00', '2013-06-11 14:33:28', 3, 3),
(262, 'J', '50', '250.000', '165.00', '2013-06-11 14:33:28', 3, 3),
(263, 'J', '51', '250.000', '165.00', '2013-06-11 14:33:28', 3, 3),
(264, 'J', '52', '250.000', '165.00', '2013-06-11 14:33:28', 3, 3),
(265, 'J', '53', '250.000', '165.00', '2013-06-11 14:33:28', 3, 3),
(266, 'J', '54', '250.000', '165.00', '2013-06-11 14:33:28', 3, 3),
(267, 'K', '01', '268.740', '181.50', '2013-06-11 14:33:28', 3, 3),
(268, 'K', '02', '526.400', '190.30', '2013-06-11 14:33:28', 3, 3),
(269, 'K', '03', '254.720', '165.00', '2013-06-11 14:33:28', 3, 3),
(270, 'K', '04', '307.120', '173.00', '2013-06-11 14:33:28', 3, 3),
(271, 'K', '05', '266.820', '165.00', '2013-06-11 14:33:28', 3, 3),
(272, 'K', '06', '307.120', '173.00', '2013-06-11 14:33:28', 3, 3),
(273, 'K', '07', '266.820', '165.00', '2013-06-11 14:33:28', 3, 3),
(274, 'K', '08', '307.120', '173.00', '2013-06-11 14:33:28', 3, 3),
(275, 'K', '09', '266.820', '165.00', '2013-06-11 14:33:28', 3, 3),
(276, 'K', '10', '307.120', '173.00', '2013-06-11 14:33:28', 3, 3),
(277, 'K', '11', '266.820', '165.00', '2013-06-11 14:33:28', 3, 3),
(278, 'K', '12', '307.120', '173.00', '2013-06-11 14:33:29', 3, 3),
(279, 'K', '13', '266.820', '165.00', '2013-06-11 14:33:29', 3, 3),
(280, 'K', '14', '307.120', '173.00', '2013-06-11 14:33:29', 3, 3),
(281, 'K', '15', '266.820', '165.00', '2013-06-11 14:33:29', 3, 3),
(282, 'K', '16', '307.120', '173.00', '2013-06-11 14:33:29', 3, 3),
(283, 'K', '17', '266.820', '165.00', '2013-06-11 14:33:29', 3, 3),
(284, 'K', '18', '307.120', '173.00', '2013-06-11 14:33:29', 3, 3),
(285, 'K', '19', '266.820', '165.00', '2013-06-11 14:33:29', 3, 3),
(286, 'K', '20', '307.120', '173.00', '2013-06-11 14:33:29', 3, 3),
(287, 'K', '21', '266.820', '165.00', '2013-06-11 14:33:29', 3, 3),
(288, 'K', '22', '307.120', '173.00', '2013-06-11 14:33:29', 3, 3),
(289, 'K', '23', '266.820', '165.00', '2013-06-11 14:33:29', 3, 3),
(290, 'K', '24', '307.120', '173.00', '2013-06-11 14:33:29', 3, 3),
(291, 'K', '25', '266.820', '165.00', '2013-06-11 14:33:29', 3, 3),
(292, 'K', '26', '309.970', '173.00', '2013-06-11 14:33:29', 3, 3),
(293, 'K', '27', '273.540', '165.00', '2013-06-11 14:33:29', 3, 3),
(294, 'K', '28', '300.000', '173.00', '2013-06-11 14:33:29', 3, 3),
(295, 'K', '29', '250.000', '165.00', '2013-06-11 14:33:29', 3, 3),
(296, 'K', '30', '300.000', '173.00', '2013-06-11 14:33:29', 3, 3),
(297, 'K', '31', '250.000', '165.00', '2013-06-11 14:33:29', 3, 3),
(298, 'K', '32', '300.000', '173.00', '2013-06-11 14:33:29', 3, 3),
(299, 'K', '33', '250.000', '165.00', '2013-06-11 14:33:29', 3, 3),
(300, 'K', '34', '300.000', '173.00', '2013-06-11 14:33:29', 3, 3),
(301, 'K', '35', '250.000', '165.00', '2013-06-11 14:33:29', 3, 3),
(302, 'K', '36', '343.320', '190.30', '2013-06-11 14:33:30', 3, 3),
(303, 'K', '37', '283.200', '181.50', '2013-06-11 14:33:30', 3, 3),
(304, 'L', '01', '246.790', '181.50', '2013-06-11 14:33:30', 3, 3),
(305, 'L', '02', '250.000', '165.00', '2013-06-11 14:33:30', 3, 3),
(306, 'L', '03', '250.000', '165.00', '2013-06-11 14:33:30', 3, 3),
(307, 'L', '04', '250.000', '165.00', '2013-06-11 14:33:30', 3, 3),
(308, 'L', '05', '250.000', '165.00', '2013-06-11 14:33:30', 3, 3),
(309, 'L', '06', '250.000', '165.00', '2013-06-11 14:33:30', 3, 3),
(310, 'L', '07', '250.000', '165.00', '2013-06-11 14:33:30', 3, 3),
(311, 'L', '08', '250.000', '165.00', '2013-06-11 14:33:30', 3, 3),
(312, 'L', '09', '250.000', '165.00', '2013-06-11 14:33:30', 3, 3),
(313, 'L', '10', '250.000', '165.00', '2013-06-11 14:33:30', 3, 3),
(314, 'L', '11', '250.000', '165.00', '2013-06-11 14:33:30', 3, 3),
(315, 'L', '12', '250.000', '165.00', '2013-06-11 14:33:30', 3, 3),
(316, 'L', '13', '250.000', '165.00', '2013-06-11 14:33:30', 3, 3),
(317, 'L', '14', '250.000', '165.00', '2013-06-11 14:33:30', 3, 3),
(318, 'L', '15', '250.000', '165.00', '2013-06-11 14:33:30', 3, 3),
(319, 'L', '16', '250.000', '165.00', '2013-06-11 14:33:30', 3, 3),
(320, 'L', '17', '250.000', '165.00', '2013-06-11 14:33:30', 3, 3),
(321, 'L', '18', '250.000', '165.00', '2013-06-11 14:33:30', 3, 3),
(322, 'L', '19', '250.000', '165.00', '2013-06-11 14:33:31', 3, 3),
(323, 'L', '20', '250.000', '165.00', '2013-06-11 14:33:31', 3, 3),
(324, 'L', '21', '250.000', '165.00', '2013-06-11 14:33:31', 3, 3),
(325, 'L', '22', '250.000', '165.00', '2013-06-11 14:33:31', 3, 3),
(326, 'L', '23', '250.000', '165.00', '2013-06-11 14:33:31', 3, 3),
(327, 'L', '24', '250.000', '165.00', '2013-06-11 14:33:31', 3, 3),
(328, 'L', '25', '250.000', '165.00', '2013-06-11 14:33:31', 3, 3),
(329, 'L', '26', '250.000', '165.00', '2013-06-11 14:33:31', 3, 3),
(330, 'L', '27', '250.000', '165.00', '2013-06-11 14:33:31', 3, 3),
(331, 'L', '28', '250.000', '165.00', '2013-06-11 14:33:31', 3, 3),
(332, 'L', '29', '240.000', '165.00', '2013-06-11 14:33:31', 3, 3),
(333, 'L', '30', '240.000', '165.00', '2013-06-11 14:33:31', 3, 3),
(334, 'L', '31', '240.000', '165.00', '2013-06-11 14:33:31', 3, 3),
(335, 'L', '32', '257.190', '181.50', '2013-06-11 14:33:31', 3, 3),
(336, 'L', '33', '250.000', '165.00', '2013-06-11 14:33:31', 3, 3),
(337, 'L', '34', '250.000', '165.00', '2013-06-11 14:33:31', 3, 3),
(338, 'L', '35', '250.000', '165.00', '2013-06-11 14:33:31', 3, 3),
(339, 'L', '36', '250.000', '165.00', '2013-06-11 14:33:31', 3, 3),
(340, 'L', '37', '250.000', '165.00', '2013-06-11 14:33:32', 3, 3),
(341, 'L', '38', '250.000', '165.00', '2013-06-11 14:33:32', 3, 3),
(342, 'L', '39', '250.000', '165.00', '2013-06-11 14:33:32', 3, 3),
(343, 'L', '40', '250.000', '165.00', '2013-06-11 14:33:32', 3, 3),
(344, 'L', '41', '250.000', '165.00', '2013-06-11 14:33:32', 3, 3),
(345, 'L', '42', '250.000', '165.00', '2013-06-11 14:33:32', 3, 3),
(346, 'L', '43', '250.000', '165.00', '2013-06-11 14:33:32', 3, 3),
(347, 'L', '44', '250.000', '165.00', '2013-06-11 14:33:32', 3, 3),
(348, 'L', '45', '250.000', '165.00', '2013-06-11 14:33:32', 3, 3),
(349, 'L', '46', '250.000', '165.00', '2013-06-11 14:33:32', 3, 3),
(350, 'L', '47', '250.000', '165.00', '2013-06-11 14:33:32', 3, 3),
(351, 'L', '48', '250.000', '165.00', '2013-06-11 14:33:32', 3, 3),
(352, 'L', '49', '250.000', '165.00', '2013-06-11 14:33:32', 3, 3),
(353, 'L', '50', '250.000', '165.00', '2013-06-11 14:33:32', 3, 3),
(354, 'L', '51', '250.000', '165.00', '2013-06-11 14:33:32', 3, 3),
(355, 'L', '52', '250.000', '165.00', '2013-06-11 14:33:32', 3, 3),
(356, 'L', '53', '250.000', '165.00', '2013-06-11 14:33:32', 3, 3),
(357, 'L', '54', '250.000', '165.00', '2013-06-11 14:33:32', 3, 3),
(358, 'L', '55', '250.000', '165.00', '2013-06-11 14:33:32', 3, 3),
(359, 'L', '56', '250.000', '165.00', '2013-06-11 14:33:32', 3, 3),
(360, 'L', '57', '250.000', '165.00', '2013-06-11 14:33:32', 3, 3),
(361, 'L', '58', '250.000', '165.00', '2013-06-11 14:33:32', 3, 3),
(362, 'L', '59', '250.000', '165.00', '2013-06-11 14:33:32', 3, 3),
(363, 'L', '60', '255.370', '165.00', '2013-06-11 14:33:32', 3, 3),
(364, 'L', '61', '260.390', '181.50', '2013-06-11 14:33:32', 3, 3),
(365, 'M', '01', '308.810', '181.50', '2013-06-11 14:33:32', 3, 3),
(366, 'M', '02', '250.000', '165.00', '2013-06-11 14:33:32', 3, 3),
(367, 'M', '03', '250.000', '165.00', '2013-06-11 14:33:32', 3, 3),
(368, 'M', '04', '250.000', '165.00', '2013-06-11 14:33:33', 3, 3),
(369, 'M', '05', '250.000', '165.00', '2013-06-11 14:33:33', 3, 3),
(370, 'M', '06', '250.000', '165.00', '2013-06-11 14:33:33', 3, 3),
(371, 'M', '07', '250.000', '165.00', '2013-06-11 14:33:33', 3, 3),
(372, 'M', '08', '250.000', '165.00', '2013-06-11 14:33:33', 3, 3),
(373, 'M', '09', '250.000', '165.00', '2013-06-11 14:33:33', 3, 3),
(374, 'M', '10', '250.000', '165.00', '2013-06-11 14:33:33', 3, 3),
(375, 'M', '11', '250.000', '165.00', '2013-06-11 14:33:33', 3, 3),
(376, 'M', '12', '250.000', '165.00', '2013-06-11 14:33:33', 3, 3),
(377, 'M', '13', '250.000', '165.00', '2013-06-11 14:33:33', 3, 3),
(378, 'M', '14', '250.000', '165.00', '2013-06-11 14:33:33', 3, 3),
(379, 'M', '15', '250.000', '165.00', '2013-06-11 14:33:33', 3, 3),
(380, 'M', '16', '250.000', '165.00', '2013-06-11 14:33:33', 3, 3),
(381, 'M', '17', '250.000', '165.00', '2013-06-11 14:33:33', 3, 3),
(382, 'M', '18', '250.000', '165.00', '2013-06-11 14:33:33', 3, 3),
(383, 'M', '19', '250.000', '165.00', '2013-06-11 14:33:33', 3, 3),
(384, 'M', '20', '250.000', '165.00', '2013-06-11 14:33:33', 3, 3),
(385, 'M', '21', '250.000', '165.00', '2013-06-11 14:33:33', 3, 3),
(386, 'M', '22', '250.000', '165.00', '2013-06-11 14:33:33', 3, 3),
(387, 'M', '23', '250.000', '165.00', '2013-06-11 14:33:33', 3, 3),
(388, 'M', '24', '250.000', '165.00', '2013-06-11 14:33:33', 3, 3),
(389, 'M', '25', '250.000', '165.00', '2013-06-11 14:33:34', 3, 3),
(390, 'M', '26', '250.000', '165.00', '2013-06-11 14:33:34', 3, 3),
(391, 'M', '27', '250.000', '165.00', '2013-06-11 14:33:34', 3, 3),
(392, 'M', '28', '308.810', '181.50', '2013-06-11 14:33:34', 3, 3),
(393, 'M', '29', '250.000', '165.00', '2013-06-11 14:33:34', 3, 3),
(394, 'M', '30', '250.000', '165.00', '2013-06-11 14:33:34', 3, 3),
(395, 'M', '31', '250.000', '165.00', '2013-06-11 14:33:34', 3, 3),
(396, 'M', '32', '250.000', '165.00', '2013-06-11 14:33:34', 3, 3),
(397, 'M', '33', '250.000', '165.00', '2013-06-11 14:33:34', 3, 3),
(398, 'M', '34', '250.000', '165.00', '2013-06-11 14:33:34', 3, 3),
(399, 'M', '35', '250.000', '165.00', '2013-06-11 14:33:34', 3, 3),
(400, 'M', '36', '250.000', '165.00', '2013-06-11 14:33:34', 3, 3),
(401, 'M', '37', '250.000', '165.00', '2013-06-11 14:33:34', 3, 3),
(402, 'M', '38', '250.000', '165.00', '2013-06-11 14:33:34', 3, 3),
(403, 'M', '39', '250.000', '165.00', '2013-06-11 14:33:34', 3, 3),
(404, 'M', '40', '250.000', '165.00', '2013-06-11 14:33:34', 3, 3),
(405, 'M', '41', '250.000', '165.00', '2013-06-11 14:33:34', 3, 3),
(406, 'M', '42', '250.000', '165.00', '2013-06-11 14:33:34', 3, 3),
(407, 'M', '43', '250.000', '165.00', '2013-06-11 14:33:34', 3, 3),
(408, 'M', '44', '250.000', '165.00', '2013-06-11 14:33:34', 3, 3),
(409, 'M', '45', '250.000', '165.00', '2013-06-11 14:33:34', 3, 3),
(410, 'M', '46', '250.000', '165.00', '2013-06-11 14:33:34', 3, 3),
(411, 'M', '47', '250.000', '165.00', '2013-06-11 14:33:34', 3, 3),
(412, 'M', '48', '250.000', '165.00', '2013-06-11 14:33:34', 3, 3),
(413, 'M', '49', '250.000', '165.00', '2013-06-11 14:33:34', 3, 3),
(414, 'M', '50', '250.000', '165.00', '2013-06-11 14:33:34', 3, 3),
(415, 'M', '51', '250.000', '165.00', '2013-06-11 14:33:34', 3, 3),
(416, 'M', '52', '296.620', '165.00', '2013-06-11 14:33:34', 3, 3),
(417, 'M', '53', '276.430', '181.50', '2013-06-11 14:33:35', 3, 3),
(418, 'N', '01', '408.390', '190.30', '2013-06-11 14:33:35', 3, 3),
(419, 'N', '02', '315.230', '165.00', '2013-06-11 14:33:35', 3, 3),
(420, 'N', '03', '363.360', '173.00', '2013-06-11 14:33:35', 3, 3),
(421, 'N', '04', '288.570', '150.00', '2013-06-11 14:33:35', 3, 3),
(422, 'N', '05', '300.000', '173.00', '2013-06-11 14:33:35', 3, 3),
(423, 'N', '06', '250.000', '150.00', '2013-06-11 14:33:35', 3, 3),
(424, 'N', '07', '300.000', '173.00', '2013-06-11 14:33:35', 3, 3),
(425, 'N', '08', '250.000', '150.00', '2013-06-11 14:33:35', 3, 3),
(426, 'N', '09', '300.000', '173.00', '2013-06-11 14:33:35', 3, 3),
(427, 'N', '10', '250.000', '150.00', '2013-06-11 14:33:35', 3, 3),
(428, 'N', '11', '300.000', '173.00', '2013-06-11 14:33:35', 3, 3),
(429, 'N', '12', '250.000', '150.00', '2013-06-11 14:33:35', 3, 3),
(430, 'N', '13', '300.000', '173.00', '2013-06-11 14:33:35', 3, 3),
(431, 'N', '14', '250.000', '150.00', '2013-06-11 14:33:35', 3, 3),
(432, 'N', '15', '300.000', '173.00', '2013-06-11 14:33:35', 3, 3),
(433, 'N', '16', '250.000', '150.00', '2013-06-11 14:33:35', 3, 3),
(434, 'N', '17', '300.000', '173.00', '2013-06-11 14:33:35', 3, 3),
(435, 'N', '18', '250.000', '150.00', '2013-06-11 14:33:35', 3, 3),
(436, 'N', '19', '300.000', '173.00', '2013-06-11 14:33:35', 3, 3),
(437, 'N', '20', '250.000', '150.00', '2013-06-11 14:33:35', 3, 3),
(438, 'N', '21', '300.000', '173.00', '2013-06-11 14:33:35', 3, 3),
(439, 'N', '22', '250.000', '150.00', '2013-06-11 14:33:35', 3, 3),
(440, 'N', '23', '300.000', '173.00', '2013-06-11 14:33:35', 3, 3),
(441, 'N', '24', '250.000', '150.00', '2013-06-11 14:33:35', 3, 3),
(442, 'N', '25', '300.000', '173.00', '2013-06-11 14:33:36', 3, 3),
(443, 'N', '26', '250.000', '150.00', '2013-06-11 14:33:36', 3, 3),
(444, 'N', '27', '342.370', '190.30', '2013-06-11 14:33:36', 3, 3),
(445, 'N', '28', '282.410', '165.00', '2013-06-11 14:33:36', 3, 3),
(446, 'O', '01', '281.450', '165.00', '2013-06-11 14:33:36', 3, 3),
(447, 'O', '02', '261.750', '165.00', '2013-06-11 14:33:36', 3, 3),
(448, 'O', '03', '269.420', '150.00', '2013-06-11 14:33:36', 3, 3),
(449, 'O', '04', '256.470', '150.00', '2013-06-11 14:33:36', 3, 3),
(450, 'O', '05', '250.000', '150.00', '2013-06-11 14:33:36', 3, 3),
(451, 'O', '06', '250.000', '150.00', '2013-06-11 14:33:36', 3, 3),
(452, 'O', '07', '250.000', '150.00', '2013-06-11 14:33:36', 3, 3),
(453, 'O', '08', '250.000', '150.00', '2013-06-11 14:33:36', 3, 3),
(454, 'O', '09', '250.000', '150.00', '2013-06-11 14:33:36', 3, 3),
(455, 'O', '10', '250.000', '150.00', '2013-06-11 14:33:36', 3, 3),
(456, 'O', '11', '250.000', '150.00', '2013-06-11 14:33:36', 3, 3),
(457, 'O', '12', '250.000', '150.00', '2013-06-11 14:33:36', 3, 3),
(458, 'O', '13', '250.000', '150.00', '2013-06-11 14:33:36', 3, 3),
(459, 'O', '14', '250.000', '150.00', '2013-06-11 14:33:36', 3, 3),
(460, 'O', '15', '250.000', '150.00', '2013-06-11 14:33:36', 3, 3),
(461, 'O', '16', '250.000', '150.00', '2013-06-11 14:33:36', 3, 3),
(462, 'O', '17', '250.000', '150.00', '2013-06-11 14:33:36', 3, 3),
(463, 'O', '18', '250.000', '150.00', '2013-06-11 14:33:36', 3, 3),
(464, 'O', '19', '250.000', '150.00', '2013-06-11 14:33:36', 3, 3),
(465, 'O', '20', '250.000', '150.00', '2013-06-11 14:33:36', 3, 3),
(466, 'O', '21', '250.000', '150.00', '2013-06-11 14:33:36', 3, 3),
(467, 'O', '22', '250.000', '150.00', '2013-06-11 14:33:36', 3, 3),
(468, 'O', '23', '250.000', '150.00', '2013-06-11 14:33:36', 3, 3),
(469, 'O', '24', '250.000', '150.00', '2013-06-11 14:33:37', 3, 3),
(470, 'O', '25', '250.000', '150.00', '2013-06-11 14:33:37', 3, 3),
(471, 'O', '26', '250.000', '150.00', '2013-06-11 14:33:37', 3, 3),
(472, 'O', '27', '282.410', '165.00', '2013-06-11 14:33:37', 3, 3),
(473, 'O', '28', '282.410', '165.00', '2013-06-11 14:33:37', 3, 3),
(474, 'P', '01', '263.240', '181.50', '2013-06-11 14:33:37', 3, 3),
(475, 'P', '02', '269.100', '165.00', '2013-06-11 14:33:37', 3, 3),
(476, 'P', '03', '269.100', '165.00', '2013-06-11 14:33:37', 3, 3),
(477, 'P', '04', '250.000', '165.00', '2013-06-11 14:33:37', 3, 3),
(478, 'P', '05', '250.000', '165.00', '2013-06-11 14:33:37', 3, 3),
(479, 'P', '06', '250.000', '165.00', '2013-06-11 14:33:37', 3, 3),
(480, 'P', '07', '250.000', '165.00', '2013-06-11 14:33:37', 3, 3),
(481, 'P', '08', '250.000', '165.00', '2013-06-11 14:33:37', 3, 3),
(482, 'P', '09', '250.000', '165.00', '2013-06-11 14:33:37', 3, 3),
(483, 'P', '10', '250.000', '165.00', '2013-06-11 14:33:37', 3, 3),
(484, 'P', '11', '250.000', '165.00', '2013-06-11 14:33:37', 3, 3),
(485, 'P', '12', '250.000', '165.00', '2013-06-11 14:33:37', 3, 3),
(486, 'P', '13', '250.000', '165.00', '2013-06-11 14:33:37', 3, 3),
(487, 'P', '14', '250.000', '165.00', '2013-06-11 14:33:37', 3, 3),
(488, 'P', '15', '250.000', '165.00', '2013-06-11 14:33:37', 3, 3),
(489, 'P', '16', '250.000', '165.00', '2013-06-11 14:33:37', 3, 3),
(490, 'P', '17', '250.000', '165.00', '2013-06-11 14:33:37', 3, 3),
(491, 'P', '18', '250.000', '165.00', '2013-06-11 14:33:37', 3, 3),
(492, 'P', '19', '250.000', '165.00', '2013-06-11 14:33:38', 3, 3),
(493, 'P', '20', '250.000', '165.00', '2013-06-11 14:33:38', 3, 3),
(494, 'P', '21', '250.000', '165.00', '2013-06-11 14:33:38', 3, 3),
(495, 'P', '22', '235.000', '165.00', '2013-06-11 14:33:38', 3, 3),
(496, 'P', '23', '235.000', '165.00', '2013-06-11 14:33:38', 3, 3),
(497, 'P', '24', '235.000', '165.00', '2013-06-11 14:33:38', 3, 3),
(498, 'P', '25', '335.730', '165.00', '2013-06-11 14:33:38', 3, 3),
(499, 'P', '26', '249.880', '165.00', '2013-06-11 14:33:38', 3, 3),
(500, 'P', '27', '250.000', '165.00', '2013-06-11 14:33:38', 3, 3),
(501, 'P', '28', '250.000', '165.00', '2013-06-11 14:33:38', 3, 3),
(502, 'P', '29', '250.000', '165.00', '2013-06-11 14:33:38', 3, 3),
(503, 'P', '30', '250.000', '165.00', '2013-06-11 14:33:38', 3, 3),
(504, 'P', '31', '250.000', '165.00', '2013-06-11 14:33:38', 3, 3),
(505, 'P', '32', '250.000', '165.00', '2013-06-11 14:33:38', 3, 3),
(506, 'P', '33', '250.000', '165.00', '2013-06-11 14:33:38', 3, 3),
(507, 'P', '34', '250.000', '165.00', '2013-06-11 14:33:38', 3, 3),
(508, 'P', '35', '250.000', '165.00', '2013-06-11 14:33:38', 3, 3),
(509, 'P', '36', '250.000', '165.00', '2013-06-11 14:33:38', 3, 3),
(510, 'P', '37', '250.000', '165.00', '2013-06-11 14:33:39', 3, 3),
(511, 'P', '38', '250.000', '165.00', '2013-06-11 14:33:39', 3, 3),
(512, 'P', '39', '250.000', '165.00', '2013-06-11 14:33:39', 3, 3),
(513, 'P', '40', '250.000', '165.00', '2013-06-11 14:33:39', 3, 3),
(514, 'P', '41', '250.000', '165.00', '2013-06-11 14:33:39', 3, 3),
(515, 'P', '42', '250.000', '165.00', '2013-06-11 14:33:39', 3, 3),
(516, 'P', '43', '250.000', '165.00', '2013-06-11 14:33:39', 3, 3),
(517, 'P', '44', '254.450', '165.00', '2013-06-11 14:33:39', 3, 3),
(518, 'P', '45', '273.640', '181.50', '2013-06-11 14:33:39', 3, 3),
(519, 'Q', '01', '257.620', '181.50', '2013-06-11 14:33:39', 3, 3),
(520, 'Q', '02', '312.620', '190.30', '2013-06-11 14:33:39', 3, 3),
(521, 'Q', '03', '250.000', '165.00', '2013-06-11 14:33:39', 3, 3),
(522, 'Q', '04', '300.000', '173.00', '2013-06-11 14:33:39', 3, 3),
(523, 'Q', '05', '250.000', '165.00', '2013-06-11 14:33:39', 3, 3),
(524, 'Q', '06', '300.000', '173.00', '2013-06-11 14:33:39', 3, 3),
(525, 'Q', '07', '250.000', '165.00', '2013-06-11 14:33:39', 3, 3),
(526, 'Q', '08', '300.000', '173.00', '2013-06-11 14:33:39', 3, 3),
(527, 'Q', '09', '250.000', '165.00', '2013-06-11 14:33:39', 3, 3),
(528, 'Q', '10', '300.000', '173.00', '2013-06-11 14:33:39', 3, 3),
(529, 'Q', '11', '250.000', '165.00', '2013-06-11 14:33:39', 3, 3),
(530, 'Q', '12', '300.000', '173.00', '2013-06-11 14:33:39', 3, 3),
(531, 'Q', '13', '250.000', '165.00', '2013-06-11 14:33:39', 3, 3),
(532, 'Q', '14', '300.000', '173.00', '2013-06-11 14:33:39', 3, 3),
(533, 'Q', '15', '250.000', '165.00', '2013-06-11 14:33:39', 3, 3),
(534, 'Q', '16', '300.000', '173.00', '2013-06-11 14:33:39', 3, 3),
(535, 'Q', '17', '250.000', '165.00', '2013-06-11 14:33:39', 3, 3),
(536, 'Q', '18', '300.000', '173.00', '2013-06-11 14:33:39', 3, 3),
(537, 'Q', '19', '250.000', '165.00', '2013-06-11 14:33:39', 3, 3),
(538, 'Q', '20', '300.000', '173.00', '2013-06-11 14:33:40', 3, 3),
(539, 'Q', '21', '250.000', '165.00', '2013-06-11 14:33:40', 3, 3),
(540, 'Q', '22', '300.000', '173.00', '2013-06-11 14:33:40', 3, 3),
(541, 'Q', '23', '250.000', '165.00', '2013-06-11 14:33:40', 3, 3),
(542, 'Q', '24', '300.000', '173.00', '2013-06-11 14:33:40', 3, 3),
(543, 'Q', '25', '250.000', '165.00', '2013-06-11 14:33:40', 3, 3),
(544, 'Q', '26', '300.000', '173.00', '2013-06-11 14:33:40', 3, 3),
(545, 'Q', '27', '250.000', '165.00', '2013-06-11 14:33:40', 3, 3),
(546, 'Q', '28', '300.000', '173.00', '2013-06-11 14:33:40', 3, 3),
(547, 'Q', '29', '250.000', '165.00', '2013-06-11 14:33:40', 3, 3),
(548, 'Q', '30', '300.000', '173.00', '2013-06-11 14:33:40', 3, 3),
(549, 'Q', '31', '250.000', '165.00', '2013-06-11 14:33:40', 3, 3),
(550, 'Q', '32', '300.000', '173.00', '2013-06-11 14:33:40', 3, 3),
(551, 'Q', '33', '250.000', '165.00', '2013-06-11 14:33:40', 3, 3),
(552, 'Q', '34', '300.000', '173.00', '2013-06-11 14:33:40', 3, 3),
(553, 'Q', '35', '250.000', '165.00', '2013-06-11 14:33:40', 3, 3),
(554, 'Q', '36', '300.000', '173.00', '2013-06-11 14:33:40', 3, 3),
(555, 'Q', '37', '319.710', '181.50', '2013-06-11 14:33:40', 3, 3),
(556, 'Q', '38', '552.420', '190.30', '2013-06-11 14:33:40', 3, 3),
(557, 'R', '01', '349.860', '190.30', '2013-06-11 14:33:40', 3, 3),
(558, 'R', '02', '288.650', '165.00', '2013-06-11 14:33:40', 3, 3),
(559, 'R', '03', '300.000', '173.00', '2013-06-11 14:33:40', 3, 3),
(560, 'R', '04', '250.000', '150.00', '2013-06-11 14:33:40', 3, 3),
(561, 'R', '05', '300.000', '173.00', '2013-06-11 14:33:40', 3, 3),
(562, 'R', '06', '250.000', '150.00', '2013-06-11 14:33:40', 3, 3),
(563, 'R', '07', '300.000', '173.00', '2013-06-11 14:33:41', 3, 3),
(564, 'R', '08', '250.000', '150.00', '2013-06-11 14:33:41', 3, 3),
(565, 'R', '09', '300.000', '173.00', '2013-06-11 14:33:41', 3, 3),
(566, 'R', '10', '250.000', '150.00', '2013-06-11 14:33:41', 3, 3),
(567, 'R', '11', '300.000', '173.00', '2013-06-11 14:33:41', 3, 3),
(568, 'R', '12', '250.000', '150.00', '2013-06-11 14:33:41', 3, 3),
(569, 'R', '13', '300.000', '173.00', '2013-06-11 14:33:41', 3, 3),
(570, 'R', '14', '250.000', '150.00', '2013-06-11 14:33:41', 3, 3),
(571, 'R', '15', '300.000', '173.00', '2013-06-11 14:33:41', 3, 3),
(572, 'R', '16', '250.000', '150.00', '2013-06-11 14:33:41', 3, 3),
(573, 'R', '17', '300.000', '173.00', '2013-06-11 14:33:41', 3, 3),
(574, 'R', '18', '250.000', '150.00', '2013-06-11 14:33:41', 3, 3),
(575, 'R', '19', '300.000', '173.00', '2013-06-11 14:33:41', 3, 3),
(576, 'R', '20', '250.000', '150.00', '2013-06-11 14:33:41', 3, 3),
(577, 'R', '21', '300.000', '173.00', '2013-06-11 14:33:41', 3, 3),
(578, 'R', '22', '250.000', '150.00', '2013-06-11 14:33:41', 3, 3),
(579, 'R', '23', '360.000', '173.00', '2013-06-11 14:33:41', 3, 3),
(580, 'R', '24', '300.000', '150.00', '2013-06-11 14:33:41', 3, 3),
(581, 'R', '25', '360.000', '173.00', '2013-06-11 14:33:41', 3, 3),
(582, 'R', '26', '300.000', '150.00', '2013-06-11 14:33:41', 3, 3),
(583, 'R', '27', '361.800', '173.00', '2013-06-11 14:33:41', 3, 3),
(584, 'R', '28', '304.960', '150.00', '2013-06-11 14:33:41', 3, 3),
(585, 'R', '29', '361.800', '173.00', '2013-06-11 14:33:41', 3, 3),
(586, 'R', '30', '452.490', '173.00', '2013-06-11 14:33:41', 3, 3),
(587, 'R', '31', '311.270', '150.00', '2013-06-11 14:33:42', 3, 3),
(588, 'R', '32', '451.220', '180.00', '2013-06-11 14:33:42', 3, 3),
(589, 'R', '33', '451.220', '180.00', '2013-06-11 14:33:42', 3, 3),
(590, 'R', '34', '397.350', '150.00', '2013-06-11 14:33:42', 3, 3),
(591, 'R', '35', '452.490', '180.00', '2013-06-11 14:33:42', 3, 3),
(592, 'R', '36', '311.270', '150.00', '2013-06-11 14:33:42', 3, 3),
(593, 'R', '37', '339.000', '180.00', '2013-06-11 14:33:42', 3, 3),
(594, 'R', '38', '339.000', '180.00', '2013-06-11 14:33:42', 3, 3),
(595, 'R', '39', '304.960', '150.00', '2013-06-11 14:33:42', 3, 3),
(596, 'R', '40', '339.000', '180.00', '2013-06-11 14:33:42', 3, 3),
(597, 'R', '41', '325.000', '150.00', '2013-06-11 14:33:42', 3, 3),
(598, 'R', '42', '339.000', '180.00', '2013-06-11 14:33:42', 3, 3),
(599, 'R', '43', '325.000', '150.00', '2013-06-11 14:33:42', 3, 3),
(600, 'R', '44', '339.000', '180.00', '2013-06-11 14:33:42', 3, 3),
(601, 'R', '45', '364.430', '165.00', '2013-06-11 14:33:42', 3, 3),
(602, 'R', '46', '414.840', '198.00', '2013-06-11 14:33:42', 3, 3),
(603, 'S', '01', '257.620', '165.00', '2013-06-11 14:33:42', 3, 3),
(604, 'S', '02', '257.620', '165.00', '2013-06-11 14:33:42', 3, 3),
(605, 'S', '03', '250.000', '150.00', '2013-06-11 14:33:42', 3, 3),
(606, 'S', '04', '250.000', '150.00', '2013-06-11 14:33:42', 3, 3),
(607, 'S', '05', '250.000', '150.00', '2013-06-11 14:33:42', 3, 3),
(608, 'S', '06', '250.000', '150.00', '2013-06-11 14:33:42', 3, 3),
(609, 'S', '07', '250.000', '150.00', '2013-06-11 14:33:42', 3, 3),
(610, 'S', '08', '250.000', '150.00', '2013-06-11 14:33:42', 3, 3),
(611, 'S', '09', '250.000', '150.00', '2013-06-11 14:33:43', 3, 3),
(612, 'S', '10', '250.000', '150.00', '2013-06-11 14:33:43', 3, 3),
(613, 'S', '11', '250.000', '150.00', '2013-06-11 14:33:43', 3, 3),
(614, 'S', '12', '250.000', '150.00', '2013-06-11 14:33:43', 3, 3),
(615, 'S', '13', '250.000', '150.00', '2013-06-11 14:33:43', 3, 3),
(616, 'S', '14', '250.000', '150.00', '2013-06-11 14:33:43', 3, 3),
(617, 'S', '15', '250.000', '150.00', '2013-06-11 14:33:43', 3, 3),
(618, 'S', '16', '250.000', '150.00', '2013-06-11 14:33:43', 3, 3),
(619, 'S', '17', '250.000', '150.00', '2013-06-11 14:33:43', 3, 3),
(620, 'S', '18', '250.000', '150.00', '2013-06-11 14:33:43', 3, 3),
(621, 'S', '19', '250.000', '150.00', '2013-06-11 14:33:43', 3, 3),
(622, 'S', '20', '250.000', '150.00', '2013-06-11 14:33:43', 3, 3),
(623, 'S', '21', '250.000', '150.00', '2013-06-11 14:33:43', 3, 3),
(624, 'S', '22', '250.000', '150.00', '2013-06-11 14:33:43', 3, 3),
(625, 'S', '23', '250.000', '150.00', '2013-06-11 14:33:43', 3, 3),
(626, 'S', '24', '250.000', '150.00', '2013-06-11 14:33:43', 3, 3),
(627, 'S', '25', '250.000', '150.00', '2013-06-11 14:33:43', 3, 3),
(628, 'S', '26', '250.000', '150.00', '2013-06-11 14:33:43', 3, 3),
(629, 'S', '27', '250.000', '150.00', '2013-06-11 14:33:43', 3, 3),
(630, 'S', '28', '250.000', '150.00', '2013-06-11 14:33:43', 3, 3),
(631, 'S', '29', '257.990', '165.00', '2013-06-11 14:33:43', 3, 3),
(632, 'S', '30', '258.410', '150.00', '2013-06-11 14:33:43', 3, 3),
(633, 'S', '31', '275.850', '165.00', '2013-06-11 14:33:43', 3, 3),
(634, 'T', '01', '341.210', '198.00', '2013-06-11 14:33:43', 3, 3),
(635, 'T', '02', '325.000', '165.00', '2013-06-11 14:33:43', 3, 3),
(636, 'T', '03', '325.000', '165.00', '2013-06-11 14:33:43', 3, 3),
(637, 'T', '04', '309.590', '165.00', '2013-06-11 14:33:43', 3, 3),
(638, 'T', '05', '304.380', '165.00', '2013-06-11 14:33:44', 3, 3),
(639, 'T', '06', '300.000', '165.00', '2013-06-11 14:33:44', 3, 3),
(640, 'T', '07', '300.000', '165.00', '2013-06-11 14:33:44', 3, 3),
(641, 'T', '08', '300.000', '165.00', '2013-06-11 14:33:44', 3, 3),
(642, 'T', '09', '300.000', '165.00', '2013-06-11 14:33:44', 3, 3),
(643, 'T', '10', '300.000', '165.00', '2013-06-11 14:33:44', 3, 3),
(644, 'T', '11', '300.000', '165.00', '2013-06-11 14:33:44', 3, 3),
(645, 'T', '12', '300.000', '165.00', '2013-06-11 14:33:44', 3, 3),
(646, 'T', '13', '300.000', '165.00', '2013-06-11 14:33:44', 3, 3),
(647, 'T', '14', '300.000', '165.00', '2013-06-11 14:33:44', 3, 3),
(648, 'T', '15', '300.000', '165.00', '2013-06-11 14:33:44', 3, 3),
(649, 'T', '16', '300.000', '165.00', '2013-06-11 14:33:44', 3, 3),
(650, 'T', '17', '307.620', '181.50', '2013-06-11 14:33:44', 3, 3),
(651, 'T', '18', '350.900', '198.00', '2013-06-11 14:33:44', 3, 3),
(652, 'T', '19', '364.000', '173.00', '2013-06-11 14:33:44', 3, 3),
(653, 'T', '20', '364.000', '173.00', '2013-06-11 14:33:44', 3, 3),
(654, 'T', '21', '357.510', '173.00', '2013-06-11 14:33:44', 3, 3),
(655, 'T', '22', '355.920', '173.00', '2013-06-11 14:33:44', 3, 3),
(656, 'T', '23', '348.990', '173.00', '2013-06-11 14:33:44', 3, 3),
(657, 'T', '24', '385.080', '173.00', '2013-06-11 14:33:44', 3, 3),
(658, 'T', '25', '360.000', '173.00', '2013-06-11 14:33:44', 3, 3),
(659, 'T', '26', '360.000', '173.00', '2013-06-11 14:33:44', 3, 3),
(660, 'T', '27', '360.000', '173.00', '2013-06-11 14:33:44', 3, 3),
(661, 'T', '28', '360.000', '173.00', '2013-06-11 14:33:45', 3, 3),
(662, 'T', '29', '360.000', '173.00', '2013-06-11 14:33:45', 3, 3),
(663, 'T', '30', '360.000', '173.00', '2013-06-11 14:33:45', 3, 3),
(664, 'T', '31', '360.000', '173.00', '2013-06-11 14:33:45', 3, 3),
(665, 'T', '32', '360.000', '173.00', '2013-06-11 14:33:45', 3, 3),
(666, 'T', '33', '360.000', '173.00', '2013-06-11 14:33:45', 3, 3),
(667, 'T', '34', '372.620', '190.30', '2013-06-11 14:33:45', 3, 3),
(668, 'U', '01', '307.620', '181.50', '2013-06-11 14:33:45', 3, 3),
(669, 'U', '02', '300.000', '165.00', '2013-06-11 14:33:45', 3, 3),
(670, 'U', '03', '300.000', '165.00', '2013-06-11 14:33:45', 3, 3),
(671, 'U', '04', '300.000', '165.00', '2013-06-11 14:33:45', 3, 3),
(672, 'U', '05', '300.000', '165.00', '2013-06-11 14:33:45', 3, 3),
(673, 'U', '06', '300.000', '165.00', '2013-06-11 14:33:45', 3, 3),
(674, 'U', '07', '300.000', '165.00', '2013-06-11 14:33:45', 3, 3),
(675, 'U', '08', '300.000', '165.00', '2013-06-11 14:33:45', 3, 3),
(676, 'U', '09', '300.000', '165.00', '2013-06-11 14:33:45', 3, 3),
(677, 'U', '10', '300.000', '165.00', '2013-06-11 14:33:45', 3, 3),
(678, 'U', '11', '300.000', '165.00', '2013-06-11 14:33:45', 3, 3),
(679, 'U', '12', '300.000', '165.00', '2013-06-11 14:33:45', 3, 3),
(680, 'U', '13', '300.000', '165.00', '2013-06-11 14:33:45', 3, 3),
(681, 'U', '14', '300.000', '165.00', '2013-06-11 14:33:45', 3, 3),
(682, 'U', '15', '300.000', '165.00', '2013-06-11 14:33:45', 3, 3),
(683, 'U', '16', '300.000', '165.00', '2013-06-11 14:33:45', 3, 3),
(684, 'U', '17', '300.000', '165.00', '2013-06-11 14:33:45', 3, 3),
(685, 'U', '18', '300.000', '165.00', '2013-06-11 14:33:45', 3, 3),
(686, 'U', '19', '314.600', '190.30', '2013-06-11 14:33:46', 3, 3),
(687, 'U', '20', '372.620', '190.30', '2013-06-11 14:33:46', 3, 3),
(688, 'U', '21', '360.000', '173.00', '2013-06-11 14:33:46', 3, 3),
(689, 'U', '22', '360.000', '173.00', '2013-06-11 14:33:46', 3, 3),
(690, 'U', '23', '360.000', '173.00', '2013-06-11 14:33:46', 3, 3),
(691, 'U', '24', '360.000', '173.00', '2013-06-11 14:33:46', 3, 3),
(692, 'U', '25', '360.000', '173.00', '2013-06-11 14:33:46', 3, 3),
(693, 'U', '26', '360.000', '173.00', '2013-06-11 14:33:46', 3, 3),
(694, 'U', '27', '360.000', '173.00', '2013-06-11 14:33:46', 3, 3),
(695, 'U', '28', '360.000', '173.00', '2013-06-11 14:33:46', 3, 3),
(696, 'U', '29', '360.000', '173.00', '2013-06-11 14:33:46', 3, 3),
(697, 'U', '30', '360.000', '173.00', '2013-06-11 14:33:46', 3, 3),
(698, 'U', '31', '360.000', '173.00', '2013-06-11 14:33:46', 3, 3),
(699, 'U', '32', '360.000', '173.00', '2013-06-11 14:33:46', 3, 3),
(700, 'U', '33', '360.000', '173.00', '2013-06-11 14:33:46', 3, 3),
(701, 'U', '34', '360.000', '173.00', '2013-06-11 14:33:46', 3, 3),
(702, 'U', '35', '360.000', '173.00', '2013-06-11 14:33:46', 3, 3),
(703, 'U', '36', '360.000', '173.00', '2013-06-11 14:33:46', 3, 3),
(704, 'U', '37', '360.000', '173.00', '2013-06-11 14:33:46', 3, 3),
(705, 'U', '38', '481.080', '190.30', '2013-06-11 14:33:46', 3, 3);

-- --------------------------------------------------------

--
-- Estrutura da tabela `tbsituacaolote`
--

CREATE TABLE IF NOT EXISTS `tbsituacaolote` (
  `id` int(11) NOT NULL AUTO_INCREMENT,
  `situacao` varchar(15) NOT NULL,
  `ativo` tinyint(1) NOT NULL DEFAULT '1',
  `dtcadastro` timestamp NOT NULL DEFAULT CURRENT_TIMESTAMP,
  PRIMARY KEY (`id`),
  UNIQUE KEY `id` (`id`)
) ENGINE=InnoDB  DEFAULT CHARSET=latin1 AUTO_INCREMENT=8 ;

--
-- Extraindo dados da tabela `tbsituacaolote`
--

INSERT INTO `tbsituacaolote` (`id`, `situacao`, `ativo`, `dtcadastro`) VALUES
(1, 'Área verde', 1, '2013-06-10 19:30:01'),
(2, 'Bloqueado', 1, '2013-06-10 19:30:01'),
(3, 'Disponível', 1, '2013-06-10 19:30:27'),
(4, 'Não negociar', 1, '2013-06-10 19:30:27'),
(5, 'Reservado', 1, '2013-06-10 19:30:47'),
(6, 'Suspenso', 1, '2013-06-10 19:30:47'),
(7, 'Vendido', 1, '2013-06-10 19:30:54');

-- --------------------------------------------------------

--
-- Estrutura da tabela `tbusuario`
--

CREATE TABLE IF NOT EXISTS `tbusuario` (
  `id` int(11) NOT NULL AUTO_INCREMENT,
  `nome` varchar(100) NOT NULL,
  `email` varchar(100) NOT NULL,
  `login` varchar(45) NOT NULL,
  `senha` varchar(32) NOT NULL,
  `ativo` tinyint(1) NOT NULL DEFAULT '1',
  `adm` tinyint(1) NOT NULL DEFAULT '0',
  `datacad` timestamp NOT NULL DEFAULT CURRENT_TIMESTAMP,
  PRIMARY KEY (`id`),
  UNIQUE KEY `email` (`email`,`login`)
) ENGINE=InnoDB  DEFAULT CHARSET=latin1 AUTO_INCREMENT=5 ;

--
-- Extraindo dados da tabela `tbusuario`
--

INSERT INTO `tbusuario` (`id`, `nome`, `email`, `login`, `senha`, `ativo`, `adm`, `datacad`) VALUES
(1, 'Admin', 'webmaster@star-imob.com.br', 'admin', '21232f297a57a5a743894a0e4a801fc3', 1, 1, '2013-05-22 19:06:48'),
(2, 'Leandro Marques', 'leandro@star-imob.com.br', 'lmarques', '81dc9bdb52d04dc20036dbd8313ed055', 1, 1, '2013-05-24 16:12:49'),
(3, 'Adriana Pauletti', 'adriana@star-imob.com.br', 'adriana', '81dc9bdb52d04dc20036dbd8313ed055', 0, 0, '2013-05-24 16:14:41'),
(4, 'Caralho Da Veiga', 'caralho@site.com', 'caralho', 'b59c67bf196a4758191e42f76670ceba', 1, 0, '2013-05-24 16:16:04');

--
-- Restrições para as tabelas dumpadas
--

--
-- Restrições para a tabela `tbempreendimento_has_tbcorretor`
--
ALTER TABLE `tbempreendimento_has_tbcorretor`
  ADD CONSTRAINT `fk_tbempreendimento_has_tbcorretor_tbcorretor1` FOREIGN KEY (`tbcorretor_id`) REFERENCES `tbcorretor` (`id`) ON DELETE NO ACTION ON UPDATE NO ACTION,
  ADD CONSTRAINT `fk_tbempreendimento_has_tbcorretor_tbempreendimento` FOREIGN KEY (`tbempreendimento_id`) REFERENCES `tbempreendimento` (`id`) ON DELETE NO ACTION ON UPDATE NO ACTION;

--
-- Restrições para a tabela `tbparceiro_has_tbempreendimento`
--
ALTER TABLE `tbparceiro_has_tbempreendimento`
  ADD CONSTRAINT `fk_tbparceiro_has_tbempreendimento_tbempreendimento1` FOREIGN KEY (`tbempreendimento_id`) REFERENCES `tbempreendimento` (`id`) ON DELETE NO ACTION ON UPDATE NO ACTION,
  ADD CONSTRAINT `fk_tbparceiro_has_tbempreendimento_tbparceiro1` FOREIGN KEY (`tbparceiro_id`) REFERENCES `tbparceiro` (`id`) ON DELETE NO ACTION ON UPDATE NO ACTION;

--
-- Restrições para a tabela `tbquadralote`
--
ALTER TABLE `tbquadralote`
  ADD CONSTRAINT `fk_tbquadralote_tbempreendimento1` FOREIGN KEY (`tbempreendimento_id`) REFERENCES `tbempreendimento` (`id`) ON DELETE NO ACTION ON UPDATE NO ACTION,
  ADD CONSTRAINT `fk_tbquadralote_tbsituacaolote1` FOREIGN KEY (`tbsituacaolote_id`) REFERENCES `tbsituacaolote` (`id`) ON DELETE NO ACTION ON UPDATE NO ACTION;

/*!40101 SET CHARACTER_SET_CLIENT=@OLD_CHARACTER_SET_CLIENT */;
/*!40101 SET CHARACTER_SET_RESULTS=@OLD_CHARACTER_SET_RESULTS */;
/*!40101 SET COLLATION_CONNECTION=@OLD_COLLATION_CONNECTION */;
